title,company,location,salary,skills_raw,skills_list,salary_clean
Doom Scroller,Dropz,Kochi,"₹ 8,000 - 12,000 /month","Content Writing, Research, Digital Marketing, Market Analysis, Video Making, Content Management, Marketing Strategy, Client Interaction, Business Analysis, Business Research, Client Relationship, Market research, Sales, Marketing Strategies, Client Interaction, Business Analysis, Business Research, Client Relationship, English Proficiency (Written), Market research, Data Analysis, MS-Excel, Business Research, Sales, Effective Communication, Data Analysis, MS-Office, MS-PowerPoint, MS-Excel, Client Relationship Management (CRM), Adaptability, Interpersonal skills, Effective Communication, MS-Office, Analytical Thinking, MS-Excel, English Proficiency (Spoken), Effective Communication, Data Analysis, MS-Office, Typing, MS-Excel, Data Analysis, Microsoft Outlook, Social Media Marketing, Content Writing, Google Analytics, Adobe Illustrator, Search Engine Marketing (SEM), Digital Marketing, Search Engine Optimization (SEO), MS-Excel, English Proficiency (Spoken), Hindi Proficiency (Spoken), Effective Communication, Data Analysis, English Proficiency (Spoken), Interpersonal skills, Data Analysis, Customer Support, Social Media Marketing, MS-Office, Project Management, Digital Marketing, Time Management, Facebook Marketing, Problem Solving, Social Media Marketing, Project Management, MS-Word, Time Management, MS-Excel, Product Management, Advanced Excel, Social Media Marketing, Project Management, Operations, MS-Excel, Business Analysis, Advanced Excel, English Proficiency (Spoken), Java, AutoCAD, MATLAB, JavaScript, Teamwork, CAD, Data Analysis, MS-Office, Data Visualization, Economics, Research and Analytics, Data Analysis, Time Management, Critical thinking, MS-Excel, Problem Solving, Effective Communication, Data Analysis, Time Management, Cold Calling, Lead Generation, Business Development, Sales, Data Analysis, Email Management, MS-Office, Python, SQL, Data Analytics, MS-Excel, Data Interpretation, Power BI, Social Media Marketing, Creativity, Market Analysis, Creative Thinking, Facebook Marketing, Creative Writing, Critical thinking, MS-Office, Recruitment, MS-Word, English Proficiency (Spoken), English Proficiency (Written), HR branding, Data Analysis, Client Interaction, Business Analysis, Business Research, Client Relationship, English Proficiency (Written), Market research, Sales, Client Interaction, Business Analysis, Business Research, Client Relationship, Market research, Sales, Marketing Strategies, Mathematics, Analytical Thinking, Data Analysis, Google Sheets, Communication Skills, Operations, MS-Excel, Coordination, English Proficiency (Written), Data Analysis, Stakeholder Management, Communication Skills, MS-Excel, Interpersonal skills, Market research, Data Analysis, English Proficiency (Spoken), English Proficiency (Written), Effective Communication, Data Analysis, Market Analysis, MS-Excel, Market research, Marketing, Effective Communication, Data Analysis, Negotiations, MS-Excel, Data entry, Data Analysis, JavaScript, Python, Computer Networking, Data Structures, Prototyping, Data Analysis, Communication Skills, MS-Office, Research, Analytical Thinking, Business Analysis, Research and Analytics, Data Analysis, Research, Attention to Detail, Data Analysis, MS-Excel, Financial Modeling, Financial Analysis, Research and Analytics, Financial literacy, Data Analysis, Networking, Data Analytics, Market Analysis, Client Relationship, English Proficiency (Spoken), English Proficiency (Written), Market research, Social Media Marketing, Content Writing, Project Management, Digital Marketing, Time Management, Market Analysis, Facebook Marketing, Python, SQL, VBA, Data Analysis, MS-Office, Negotiation, Project Management, Time Management, Decision making, Problem Solving, Risk Management, Search Engine Optimization (SEO), Creative Writing, Product Management, Data Analysis, Research and Analytics, Market research, Marketing, Effective Communication, Data Analysis, Google Sheets, Negotiation, Project Management, Market research, Marketing, Effective Communication, Data Analysis, MS-PowerPoint, Data Analytics, Multitasking, Business Analysis, Data entry, Financial Analysis, Data Interpretation, Business Analysis, Business Research, Client Relationship, English Proficiency (Spoken), Sales, Marketing Strategies, Marketing Campaigns, Data Analytics, Machine Learning, Artificial intelligence, Data Analysis, Social Media Marketing, Market Analysis, Business Analysis, Marketing Strategy, Advanced Excel, Business Research, Client Relationship","['Content Writing', 'Research', 'Digital Marketing', 'Market Analysis', 'Video Making', 'Content Management', 'Marketing Strategy', 'Client Interaction', 'Business Analysis', 'Business Research', 'Client Relationship', 'Market research', 'Sales', 'Marketing Strategies', 'English Proficiency (Written)', 'Data Analysis', 'MS-Excel', 'Effective Communication', 'MS-Office', 'MS-PowerPoint', 'Client Relationship Management (CRM)', 'Adaptability', 'Interpersonal skills', 'Analytical Thinking', 'English Proficiency (Spoken)', 'Typing', 'Microsoft Outlook', 'Social Media Marketing', 'Google Analytics', 'Adobe Illustrator', 'Search Engine Marketing (SEM)', 'Search Engine Optimization (SEO)', 'Hindi Proficiency (Spoken)', 'Customer Support', 'Project Management', 'Time Management', 'Facebook Marketing', 'Problem Solving', 'MS-Word', 'Product Management', 'Advanced Excel', 'Operations', 'Java', 'AutoCAD', 'MATLAB', 'JavaScript', 'Teamwork', 'CAD', 'Data Visualization', 'Economics', 'Research and Analytics', 'Critical thinking', 'Cold Calling', 'Lead Generation', 'Business Development', 'Email Management', 'Python', 'SQL', 'Data Analytics', 'Data Interpretation', 'Power BI', 'Creativity', 'Creative Thinking', 'Creative Writing', 'Recruitment', 'HR branding', 'Mathematics', 'Google Sheets', 'Communication Skills', 'Coordination', 'Stakeholder Management', 'Marketing', 'Negotiations', 'Data entry', 'Computer Networking', 'Data Structures', 'Prototyping', 'Attention to Detail', 'Financial Modeling', 'Financial Analysis', 'Financial literacy', 'Networking', 'VBA', 'Negotiation', 'Decision making', 'Risk Management', 'Multitasking', 'Marketing Campaigns', 'Machine Learning', 'Artificial intelligence']","₹ 8,000 - 12,000 /month"
Doom Scroller,Dropz,Kochi,"₹ 8,000 - 12,000 /month","Content Writing, Research, Digital Marketing, Market Analysis, Video Making, Content Management, Marketing Strategy","['Content Writing', 'Research', 'Digital Marketing', 'Market Analysis', 'Video Making', 'Content Management', 'Marketing Strategy']","₹ 8,000 - 12,000 /month"
Business Consultant,She Can Foundation,Work from home,"₹ 1,500 - 15,000 lump sum","Client Interaction, Business Analysis, Business Research, Client Relationship, Market research, Sales, Marketing Strategies","['Client Interaction', 'Business Analysis', 'Business Research', 'Client Relationship', 'Market research', 'Sales', 'Marketing Strategies']","₹ 1,500 - 15,000 lump sum"
Social Consultant,Basti Ki Pathshala Foundation,Work from home,"₹ 1,500 - 15,000 lump sum","Client Interaction, Business Analysis, Business Research, Client Relationship, English Proficiency (Written), Market research, Data Analysis","['Client Interaction', 'Business Analysis', 'Business Research', 'Client Relationship', 'English Proficiency (Written)', 'Market research', 'Data Analysis']","₹ 1,500 - 15,000 lump sum"
Business Consultant,The Indian Express,Noida,"₹ 7,000 - 10,000 /month","MS-Excel, Business Research, Sales, Effective Communication, Data Analysis","['MS-Excel', 'Business Research', 'Sales', 'Effective Communication', 'Data Analysis']","₹ 7,000 - 10,000 /month"
Sales,Visual Eyes Films,Hyderabad,"₹ 9,000 - 10,000 /month","MS-Office, MS-PowerPoint, MS-Excel, Client Relationship Management (CRM), Adaptability, Interpersonal skills, Effective Communication","['MS-Office', 'MS-PowerPoint', 'MS-Excel', 'Client Relationship Management (CRM)', 'Adaptability', 'Interpersonal skills', 'Effective Communication']","₹ 9,000 - 10,000 /month"
Data Entry,Rajlaxmi Solutions Private Limited,Thane,"₹ 3,000 - 5,000 /month","MS-Office, Analytical Thinking, MS-Excel, English Proficiency (Spoken), Effective Communication, Data Analysis","['MS-Office', 'Analytical Thinking', 'MS-Excel', 'English Proficiency (Spoken)', 'Effective Communication', 'Data Analysis']","₹ 3,000 - 5,000 /month"
Data Entry,Nedlloyd Logistics Private Limited,Delhi,"₹ 7,000 - 13,000 /month","MS-Office, Typing, MS-Excel, Data Analysis, Microsoft Outlook","['MS-Office', 'Typing', 'MS-Excel', 'Data Analysis', 'Microsoft Outlook']","₹ 7,000 - 13,000 /month"
Digital Marketing,COSGrid Systems Private Limited,Chennai,"₹ 12,000 - 16,000 /month","Social Media Marketing, Content Writing, Google Analytics, Adobe Illustrator, Search Engine Marketing (SEM), Digital Marketing, Search Engine Optimization (SEO)","['Social Media Marketing', 'Content Writing', 'Google Analytics', 'Adobe Illustrator', 'Search Engine Marketing (SEM)', 'Digital Marketing', 'Search Engine Optimization (SEO)']","₹ 12,000 - 16,000 /month"
Telecalling (Tamil/Telugu/Malayalam),Inspacco,"Kerala, Tamil Nadu","₹ 12,000 - 20,000 /month","MS-Excel, English Proficiency (Spoken), Hindi Proficiency (Spoken), Effective Communication, Data Analysis","['MS-Excel', 'English Proficiency (Spoken)', 'Hindi Proficiency (Spoken)', 'Effective Communication', 'Data Analysis']","₹ 12,000 - 20,000 /month"
E Commerce - Relationship Manager,Vamaship,"Delhi, Mumbai, Bangalore","₹ 10,000 - 10,001 /month","English Proficiency (Spoken), Interpersonal skills, Data Analysis, Customer Support","['English Proficiency (Spoken)', 'Interpersonal skills', 'Data Analysis', 'Customer Support']","₹ 10,000 - 10,001 /month"
fundraising,Pawzz Foundation,Work from home,"₹ 1,500 - 15,000 /month","Social Media Marketing, MS-Office, Project Management, Digital Marketing, Time Management, Facebook Marketing, Problem Solving","['Social Media Marketing', 'MS-Office', 'Project Management', 'Digital Marketing', 'Time Management', 'Facebook Marketing', 'Problem Solving']","₹ 1,500 - 15,000 /month"
Project Management,Pawzz Foundation,Work from home,"₹ 1,500 - 15,000 /month","Social Media Marketing, Project Management, MS-Word, Time Management, MS-Excel, Product Management, Advanced Excel","['Social Media Marketing', 'Project Management', 'MS-Word', 'Time Management', 'MS-Excel', 'Product Management', 'Advanced Excel']","₹ 1,500 - 15,000 /month"
Entrepreneurial Operations (Founders’ Office),Skillyuvam Academy,Bangalore,"₹ 15,000 - 20,000 /month","Social Media Marketing, Project Management, Operations, MS-Excel, Business Analysis, Advanced Excel, English Proficiency (Spoken)","['Social Media Marketing', 'Project Management', 'Operations', 'MS-Excel', 'Business Analysis', 'Advanced Excel', 'English Proficiency (Spoken)']","₹ 15,000 - 20,000 /month"
Technical (UAV Systems),Nurture Xcel,Mumbai,"₹ 5,000 - 7,000 /month","Java, AutoCAD, MATLAB, JavaScript, Teamwork, CAD, Data Analysis","['Java', 'AutoCAD', 'MATLAB', 'JavaScript', 'Teamwork', 'CAD', 'Data Analysis']","₹ 5,000 - 7,000 /month"
Associate Research Trainee,Isourse,Delhi,"₹ 20,000 - 25,000 /month","MS-Office, Data Visualization, Economics, Research and Analytics, Data Analysis","['MS-Office', 'Data Visualization', 'Economics', 'Research and Analytics', 'Data Analysis']","₹ 20,000 - 25,000 /month"
Operations And Strategy,EkStep,Bangalore,"₹ 15,000 - 20,000 /month","Time Management, Critical thinking, MS-Excel, Problem Solving, Effective Communication, Data Analysis","['Time Management', 'Critical thinking', 'MS-Excel', 'Problem Solving', 'Effective Communication', 'Data Analysis']","₹ 15,000 - 20,000 /month"
Revenue Growth,Talent Corner HR Services,"Pune, Mumbai","₹ 5,000 /month","Time Management, Cold Calling, Lead Generation, Business Development, Sales, Data Analysis, Email Management","['Time Management', 'Cold Calling', 'Lead Generation', 'Business Development', 'Sales', 'Data Analysis', 'Email Management']","₹ 5,000 /month"
Data Analyst,Adaire Technologies,Work from home,"₹ 24,000 - 25,000 /month","MS-Office, Python, SQL, Data Analytics, MS-Excel, Data Interpretation, Power BI","['MS-Office', 'Python', 'SQL', 'Data Analytics', 'MS-Excel', 'Data Interpretation', 'Power BI']","₹ 24,000 - 25,000 /month"
Marketing,Servyo Home,Work from home,"₹ 1,000 - 1,500 /month","Social Media Marketing, Creativity, Market Analysis, Creative Thinking, Facebook Marketing, Creative Writing, Critical thinking","['Social Media Marketing', 'Creativity', 'Market Analysis', 'Creative Thinking', 'Facebook Marketing', 'Creative Writing', 'Critical thinking']","₹ 1,000 - 1,500 /month"
HR Recruitment,Renan Partners,Work from home,"₹ 5,000 /month","MS-Office, Recruitment, MS-Word, English Proficiency (Spoken), English Proficiency (Written), HR branding, Data Analysis","['MS-Office', 'Recruitment', 'MS-Word', 'English Proficiency (Spoken)', 'English Proficiency (Written)', 'HR branding', 'Data Analysis']","₹ 5,000 /month"
Sales and Outreach,NayePankh Foundation,Work from home,"₹ 1,500 - 15,000 lump sum","Client Interaction, Business Analysis, Business Research, Client Relationship, English Proficiency (Written), Market research, Sales","['Client Interaction', 'Business Analysis', 'Business Research', 'Client Relationship', 'English Proficiency (Written)', 'Market research', 'Sales']","₹ 1,500 - 15,000 lump sum"
Sales Consultant,She Can Foundation,Work from home,"₹ 1,500 - 15,000 lump sum","Client Interaction, Business Analysis, Business Research, Client Relationship, Market research, Sales, Marketing Strategies","['Client Interaction', 'Business Analysis', 'Business Research', 'Client Relationship', 'Market research', 'Sales', 'Marketing Strategies']","₹ 1,500 - 15,000 lump sum"
System Game Designer,Singularity Games Private Limited,Work from home,"₹ 15,000 - 15,001 /month","Mathematics, Analytical Thinking, Data Analysis, Google Sheets","['Mathematics', 'Analytical Thinking', 'Data Analysis', 'Google Sheets']","₹ 15,000 - 15,001 /month"
Operations And Research,KriSHE Carbon,Hyderabad,"₹ 15,000 - 20,000 /month","Communication Skills, Operations, MS-Excel, Coordination, English Proficiency (Written), Data Analysis, Stakeholder Management","['Communication Skills', 'Operations', 'MS-Excel', 'Coordination', 'English Proficiency (Written)', 'Data Analysis', 'Stakeholder Management']","₹ 15,000 - 20,000 /month"
Business Development (Sales),Synova Financial Services,Work from home,"₹ 6,000 - 6,002 /month","Communication Skills, MS-Excel, Interpersonal skills, Market research, Data Analysis","['Communication Skills', 'MS-Excel', 'Interpersonal skills', 'Market research', 'Data Analysis']","₹ 6,000 - 6,002 /month"
Customer Service/Customer Support,Stimuler Private Limited,Work from home,"₹ 20,000 /month","English Proficiency (Spoken), English Proficiency (Written), Effective Communication, Data Analysis","['English Proficiency (Spoken)', 'English Proficiency (Written)', 'Effective Communication', 'Data Analysis']","₹ 20,000 /month"
Project Management,Orazen Healthcare LLP,Indore,"₹ 10,000 - 12,000 /month","Market Analysis, MS-Excel, Market research, Marketing, Effective Communication, Data Analysis, Negotiations","['Market Analysis', 'MS-Excel', 'Market research', 'Marketing', 'Effective Communication', 'Data Analysis', 'Negotiations']","₹ 10,000 - 12,000 /month"
MIS,Gramstrong E-services Private Limited,Durgapur,"₹ 8,000 - 10,000 /month","MS-Excel, Data entry, Data Analysis","['MS-Excel', 'Data entry', 'Data Analysis']","₹ 8,000 - 10,000 /month"
"Big Data, Analytics, And API Integrations (BAP)","Expertel SA - Proceedit (Barcelona, España)",Work from home,"₹ 1,000 /month","JavaScript, Python, Computer Networking, Data Structures, Prototyping, Data Analysis","['JavaScript', 'Python', 'Computer Networking', 'Data Structures', 'Prototyping', 'Data Analysis']","₹ 1,000 /month"
Monitoring And Evaluation Trainee,IDreamCareer,Delhi,"₹ 8,000 - 10,000 /month","Communication Skills, MS-Office, Research, Analytical Thinking, Business Analysis, Research and Analytics, Data Analysis","['Communication Skills', 'MS-Office', 'Research', 'Analytical Thinking', 'Business Analysis', 'Research and Analytics', 'Data Analysis']","₹ 8,000 - 10,000 /month"
Environmental Research,Him Village EPrahari Foundation,Work from home,Unpaid,"Research, Attention to Detail, Data Analysis","['Research', 'Attention to Detail', 'Data Analysis']",Unpaid
Investment & Scouting,Bhumika Singh,Work from home,"₹ 3,000 - 6,001 /month","MS-Excel, Financial Modeling, Financial Analysis, Research and Analytics, Financial literacy, Data Analysis","['MS-Excel', 'Financial Modeling', 'Financial Analysis', 'Research and Analytics', 'Financial literacy', 'Data Analysis']","₹ 3,000 - 6,001 /month"
Resource Development,Pawzz,Work from home,"₹ 1,500 - 15,000 /month","Networking, Data Analytics, Market Analysis, Client Relationship, English Proficiency (Spoken), English Proficiency (Written), Market research","['Networking', 'Data Analytics', 'Market Analysis', 'Client Relationship', 'English Proficiency (Spoken)', 'English Proficiency (Written)', 'Market research']","₹ 1,500 - 15,000 /month"
Social Work,Pawzz Foundation,Work from home,"₹ 1,500 - 15,000 lump sum","Social Media Marketing, Content Writing, Project Management, Digital Marketing, Time Management, Market Analysis, Facebook Marketing","['Social Media Marketing', 'Content Writing', 'Project Management', 'Digital Marketing', 'Time Management', 'Market Analysis', 'Facebook Marketing']","₹ 1,500 - 15,000 lump sum"
Risk & Compliance,PaySprint Private Limited,Delhi,"₹ 8,000 - 10,000 /month","Python, SQL, VBA, Data Analysis","['Python', 'SQL', 'VBA', 'Data Analysis']","₹ 8,000 - 10,000 /month"
Project Management,Monkhub,Gurgaon,"₹ 10,000 /month","MS-Office, Negotiation, Project Management, Time Management, Decision making, Problem Solving, Risk Management","['MS-Office', 'Negotiation', 'Project Management', 'Time Management', 'Decision making', 'Problem Solving', 'Risk Management']","₹ 10,000 /month"
Content Writing,Accredian,Work from home,"₹ 15,000 /month","Search Engine Optimization (SEO), Creative Writing, Product Management, Data Analysis","['Search Engine Optimization (SEO)', 'Creative Writing', 'Product Management', 'Data Analysis']","₹ 15,000 /month"
Market Research- B2B Fashion,Deepeejay Textiles Private Limited,Kolkata,"₹ 6,000 - 10,000 /month","Research and Analytics, Market research, Marketing, Effective Communication, Data Analysis, Google Sheets","['Research and Analytics', 'Market research', 'Marketing', 'Effective Communication', 'Data Analysis', 'Google Sheets']","₹ 6,000 - 10,000 /month"
Business Development (Sales),QuickHire,Work from home,"₹ 2,000 - 3,000 /month","Negotiation, Project Management, Market research, Marketing, Effective Communication, Data Analysis","['Negotiation', 'Project Management', 'Market research', 'Marketing', 'Effective Communication', 'Data Analysis']","₹ 2,000 - 3,000 /month"
Research,KESARI FINANCIAL SERVICES,Ahmedabad,"₹ 6,000 - 15,000 /month","MS-PowerPoint, Data Analytics, Multitasking, Business Analysis, Data entry, Financial Analysis, Data Interpretation","['MS-PowerPoint', 'Data Analytics', 'Multitasking', 'Business Analysis', 'Data entry', 'Financial Analysis', 'Data Interpretation']","₹ 6,000 - 15,000 /month"
Business Consultant,NayePankh Foundation,Work from home,"₹ 1,500 - 15,000 lump sum","Business Analysis, Business Research, Client Relationship, English Proficiency (Spoken), Sales, Marketing Strategies, Marketing Campaigns","['Business Analysis', 'Business Research', 'Client Relationship', 'English Proficiency (Spoken)', 'Sales', 'Marketing Strategies', 'Marketing Campaigns']","₹ 1,500 - 15,000 lump sum"
Data Scraping,Anvi Jain,Work from home,"₹ 8,000 lump sum","Data Analytics, Machine Learning, Artificial intelligence, Data Analysis","['Data Analytics', 'Machine Learning', 'Artificial intelligence', 'Data Analysis']","₹ 8,000 lump sum"
Marketing Associate,Basti Ki Pathshala Foundation,Work from home,"₹ 1,500 - 15,000 lump sum","Social Media Marketing, Market Analysis, Business Analysis, Marketing Strategy, Advanced Excel, Business Research, Client Relationship","['Social Media Marketing', 'Market Analysis', 'Business Analysis', 'Marketing Strategy', 'Advanced Excel', 'Business Research', 'Client Relationship']","₹ 1,500 - 15,000 lump sum"
Business Consultant,NayePankh Foundation,Work from home,"₹ 1,500 - 15,000 lump sum","Business Analysis, Business Research, Client Relationship, English Proficiency (Spoken), Sales, Marketing Strategies, Marketing Campaigns, Data Analytics, Machine Learning, Artificial intelligence, Data Analysis, Social Media Marketing, Market Analysis, Business Analysis, Marketing Strategy, Advanced Excel, Business Research, Client Relationship, Operations, MS-Excel, English Proficiency (Spoken), Kannada Proficiency (Spoken), Data Analysis, Logistics Management, MS-Office, Recruitment, MS-Word, Operations, English Proficiency (Spoken), English Proficiency (Written), Effective Communication, MS-Office, Recruitment, MS-Word, English Proficiency (Spoken), English Proficiency (Written), Talent Management, HR branding, Data entry, Product Management, Product Development, Effective Communication, Data Analysis, Social Media Marketing, MS-Word, Digital Marketing, Market Analysis, Facebook Marketing, Email Marketing, MS-Excel, MS-Office, Project Management, Digital Marketing, Time Management, Data Analytics, Market Analysis, Business Analysis, Analytical Thinking, Problem Solving, MIS, Data Analysis, Collaboration, Attention to Detail, E-commerce, MS-Excel, Data Analysis, MS-Office, Attention to Detail, Database Management System (DBMS), Google Workspace, Data Analysis, Logistics Management, Logical reasoning, Critical thinking, Analytical Thinking, Problem Solving, Database Management System (DBMS), Artificial intelligence, Data Analysis, WordPress, Data Analytics, Strategy, Critical thinking, Analytical Thinking, Business Analysis, Automation, Team Management, Time Management, MS-Excel, Client Relationship Management (CRM), Teamwork, Client Relationship, English Proficiency (Spoken), Search Engine Optimization (SEO), Data Analysis, MS-PowerPoint, Time Management, Analytical Thinking, MS-Excel, Problem Solving, English Proficiency (Spoken), English Proficiency (Written), Social Media Marketing, MS-Excel, Lead Generation, Market research, Data Analysis, Data Cleaning, Content Writing, Project Management, Digital Marketing, Time Management, Facebook Marketing, Advanced Excel, Digital Advertising, MS-Office, Google Analytics, MS-Word, Digital Marketing, Time Management, Market Analysis, Facebook Marketing, Social Media Marketing, MS-Office, Digital Marketing, Market Analysis, Business Analysis, Marketing Strategy, Content Marketing, Python, SQL, Data Analytics, Machine Learning, Statistics, Data Visualization, Database Management System (DBMS), Business Analysis, Client Relationship, English Proficiency (Written), Business Development, Sales, Marketing Strategies, Marketing Campaigns, Social Media Marketing, Business Analysis, Advanced Excel, Business Research, Client Relationship, English Proficiency (Spoken), Sales, Presentation skills, Analytical Thinking, Problem Solving, Interpersonal skills, Effective Communication, Data Analysis, Report Generation, Content Writing, Critical thinking, Problem Solving, Natural Language Processing (NLP), Artificial intelligence, Research and Analytics, Effective Communication, Social Media Marketing, Digital Marketing, Facebook Marketing, Email Marketing, Analytical Thinking, English Proficiency (Written), Instagram Marketing, Social Media Marketing, Creativity, Facebook Marketing, Canva, Instagram Marketing, Data Analysis, Capcut, Data Analytics, Google AdWords, Copywriting, Marketing Strategy, Artificial intelligence, Facebook Ads, Marketing Campaigns, Social Media Marketing, Google Analytics, Problem Solving, Copywriting, Artificial intelligence, Data Analysis, Optimization, Operations, MS-Excel, English Proficiency (Spoken), English Proficiency (Written), Effective Communication, Data Analysis, Client Interaction, Business Analysis, Business Research, Client Relationship, Market research, Sales, Marketing Strategies, Client Interaction, Client Relationship, Market research, Sales, Marketing Strategies, Marketing Campaigns, Data Analysis, Market research, Sales, Marketing Strategies, Marketing Campaigns, Data Analysis, Client Interaction, Business Analysis, Business Research, Client Relationship, Market research, Sales, Marketing Strategies, Content Writing, Presentation skills, Networking, Analytical Thinking, Report Writing, English Proficiency (Spoken), English Proficiency (Written), Project Management, Digital Marketing, Time Management, Data Analytics, Market Analysis, Business Analysis, Product Management, MS-Excel, Data Analysis, Presentation skills, Time Management, MS-Excel, Process Management, Interpersonal skills, Effective Communication, Data Analysis, Finance, Attention to Detail, MS-Excel, Data Interpretation, English Proficiency (Written), Subject Matter Expert (SME), Market research","['Business Analysis', 'Business Research', 'Client Relationship', 'English Proficiency (Spoken)', 'Sales', 'Marketing Strategies', 'Marketing Campaigns', 'Data Analytics', 'Machine Learning', 'Artificial intelligence', 'Data Analysis', 'Social Media Marketing', 'Market Analysis', 'Marketing Strategy', 'Advanced Excel', 'Operations', 'MS-Excel', 'Kannada Proficiency (Spoken)', 'Logistics Management', 'MS-Office', 'Recruitment', 'MS-Word', 'English Proficiency (Written)', 'Effective Communication', 'Talent Management', 'HR branding', 'Data entry', 'Product Management', 'Product Development', 'Digital Marketing', 'Facebook Marketing', 'Email Marketing', 'Project Management', 'Time Management', 'Analytical Thinking', 'Problem Solving', 'MIS', 'Collaboration', 'Attention to Detail', 'E-commerce', 'Database Management System (DBMS)', 'Google Workspace', 'Logical reasoning', 'Critical thinking', 'WordPress', 'Strategy', 'Automation', 'Team Management', 'Client Relationship Management (CRM)', 'Teamwork', 'Search Engine Optimization (SEO)', 'MS-PowerPoint', 'Lead Generation', 'Market research', 'Data Cleaning', 'Content Writing', 'Digital Advertising', 'Google Analytics', 'Content Marketing', 'Python', 'SQL', 'Statistics', 'Data Visualization', 'Business Development', 'Presentation skills', 'Interpersonal skills', 'Report Generation', 'Natural Language Processing (NLP)', 'Research and Analytics', 'Instagram Marketing', 'Creativity', 'Canva', 'Capcut', 'Google AdWords', 'Copywriting', 'Facebook Ads', 'Optimization', 'Client Interaction', 'Networking', 'Report Writing', 'Process Management', 'Finance', 'Data Interpretation', 'Subject Matter Expert (SME)']","₹ 1,500 - 15,000 lump sum"
Business Consultant,NayePankh Foundation,Work from home,"₹ 1,500 - 15,000 lump sum","Business Analysis, Business Research, Client Relationship, English Proficiency (Spoken), Sales, Marketing Strategies, Marketing Campaigns","['Business Analysis', 'Business Research', 'Client Relationship', 'English Proficiency (Spoken)', 'Sales', 'Marketing Strategies', 'Marketing Campaigns']","₹ 1,500 - 15,000 lump sum"
Data Scraping,Anvi Jain,Work from home,"₹ 8,000 lump sum","Data Analytics, Machine Learning, Artificial intelligence, Data Analysis","['Data Analytics', 'Machine Learning', 'Artificial intelligence', 'Data Analysis']","₹ 8,000 lump sum"
Marketing Associate,Basti Ki Pathshala Foundation,Work from home,"₹ 1,500 - 15,000 lump sum","Social Media Marketing, Market Analysis, Business Analysis, Marketing Strategy, Advanced Excel, Business Research, Client Relationship","['Social Media Marketing', 'Market Analysis', 'Business Analysis', 'Marketing Strategy', 'Advanced Excel', 'Business Research', 'Client Relationship']","₹ 1,500 - 15,000 lump sum"
Operations,SuperTails,Bangalore,"₹ 15,000 /month","Operations, MS-Excel, English Proficiency (Spoken), Kannada Proficiency (Spoken), Data Analysis, Logistics Management","['Operations', 'MS-Excel', 'English Proficiency (Spoken)', 'Kannada Proficiency (Spoken)', 'Data Analysis', 'Logistics Management']","₹ 15,000 /month"
HR Operations,Renan Partners,Work from home,"₹ 5,000 /month","MS-Office, Recruitment, MS-Word, Operations, English Proficiency (Spoken), English Proficiency (Written), Effective Communication","['MS-Office', 'Recruitment', 'MS-Word', 'Operations', 'English Proficiency (Spoken)', 'English Proficiency (Written)', 'Effective Communication']","₹ 5,000 /month"
Talent Acquisition,Renan Partners,Work from home,"₹ 5,000 /month","MS-Office, Recruitment, MS-Word, English Proficiency (Spoken), English Proficiency (Written), Talent Management, HR branding","['MS-Office', 'Recruitment', 'MS-Word', 'English Proficiency (Spoken)', 'English Proficiency (Written)', 'Talent Management', 'HR branding']","₹ 5,000 /month"
Product Executive,QuantAlgos,Mohali,"₹ 6,000 - 8,000 /month","Data entry, Product Management, Product Development, Effective Communication, Data Analysis","['Data entry', 'Product Management', 'Product Development', 'Effective Communication', 'Data Analysis']","₹ 6,000 - 8,000 /month"
Online Marketing,Pawzz Foundation,Work from home,"₹ 1,500 - 15,000 /month","Social Media Marketing, MS-Word, Digital Marketing, Market Analysis, Facebook Marketing, Email Marketing, MS-Excel","['Social Media Marketing', 'MS-Word', 'Digital Marketing', 'Market Analysis', 'Facebook Marketing', 'Email Marketing', 'MS-Excel']","₹ 1,500 - 15,000 /month"
Social Impact,Pawzz,Work from home,"₹ 1,500 - 15,000 /month","MS-Office, Project Management, Digital Marketing, Time Management, Data Analytics, Market Analysis, Business Analysis","['MS-Office', 'Project Management', 'Digital Marketing', 'Time Management', 'Data Analytics', 'Market Analysis', 'Business Analysis']","₹ 1,500 - 15,000 /month"
NPD & Innovation,Mosaic Wellness,Thane,"₹ 15,000 /month","Analytical Thinking, Problem Solving, MIS, Data Analysis, Collaboration","['Analytical Thinking', 'Problem Solving', 'MIS', 'Data Analysis', 'Collaboration']","₹ 15,000 /month"
Merchandising,FirstClub Technology Private Limited,Bangalore,"₹ 25,000 - 30,000 /month","Attention to Detail, E-commerce, MS-Excel, Data Analysis","['Attention to Detail', 'E-commerce', 'MS-Excel', 'Data Analysis']","₹ 25,000 - 30,000 /month"
Logistics And Operations,D And D Fashion,Pune,"₹ 6,000 - 11,000 /month","MS-Office, Attention to Detail, Database Management System (DBMS), Google Workspace, Data Analysis, Logistics Management","['MS-Office', 'Attention to Detail', 'Database Management System (DBMS)', 'Google Workspace', 'Data Analysis', 'Logistics Management']","₹ 6,000 - 11,000 /month"
Data Analytics,Jobyaari,Work from home,"₹ 2,000 - 4,000 /month","Logical reasoning, Critical thinking, Analytical Thinking, Problem Solving, Database Management System (DBMS), Artificial intelligence, Data Analysis","['Logical reasoning', 'Critical thinking', 'Analytical Thinking', 'Problem Solving', 'Database Management System (DBMS)', 'Artificial intelligence', 'Data Analysis']","₹ 2,000 - 4,000 /month"
Business Operations & Growth - Looking For Aspiring Business Owners,"Montagu Publishing (Melbourne, Australia)",Work from home,"₹ 18,000 - 22,000 /month","WordPress, Data Analytics, Strategy, Critical thinking, Analytical Thinking, Business Analysis, Automation","['WordPress', 'Data Analytics', 'Strategy', 'Critical thinking', 'Analytical Thinking', 'Business Analysis', 'Automation']","₹ 18,000 - 22,000 /month"
Relationship Manager,Budding Mariners,Work from home,"₹ 1,500 - 2,000 /month","Team Management, Time Management, MS-Excel, Client Relationship Management (CRM), Teamwork, Client Relationship, English Proficiency (Spoken)","['Team Management', 'Time Management', 'MS-Excel', 'Client Relationship Management (CRM)', 'Teamwork', 'Client Relationship', 'English Proficiency (Spoken)']","₹ 1,500 - 2,000 /month"
SEO,Codecraft IT Solutions,Work from home,"₹ 1,000 /month","Search Engine Optimization (SEO), Data Analysis","['Search Engine Optimization (SEO)', 'Data Analysis']","₹ 1,000 /month"
Financial Markets Research,IArista Artha Private Limited,Mumbai,"₹ 2,000 - 2,001 /month","MS-PowerPoint, Time Management, Analytical Thinking, MS-Excel, Problem Solving, English Proficiency (Spoken), English Proficiency (Written)","['MS-PowerPoint', 'Time Management', 'Analytical Thinking', 'MS-Excel', 'Problem Solving', 'English Proficiency (Spoken)', 'English Proficiency (Written)']","₹ 2,000 - 2,001 /month"
Marketing Operations,IQuanta,Gurgaon,"₹ 10,000 - 15,000 /month","Social Media Marketing, MS-Excel, Lead Generation, Market research, Data Analysis, Data Cleaning","['Social Media Marketing', 'MS-Excel', 'Lead Generation', 'Market research', 'Data Analysis', 'Data Cleaning']","₹ 10,000 - 15,000 /month"
14 Days Virtual Charity Drive,Pawzz Foundation,Work from home,"₹ 1,500 - 15,000 lump sum","Content Writing, Project Management, Digital Marketing, Time Management, Facebook Marketing, Advanced Excel, Digital Advertising","['Content Writing', 'Project Management', 'Digital Marketing', 'Time Management', 'Facebook Marketing', 'Advanced Excel', 'Digital Advertising']","₹ 1,500 - 15,000 lump sum"
Social Entrepreneurship,Pawzz Foundation,Work from home,"₹ 1,500 - 15,000 /month","MS-Office, Google Analytics, MS-Word, Digital Marketing, Time Management, Market Analysis, Facebook Marketing","['MS-Office', 'Google Analytics', 'MS-Word', 'Digital Marketing', 'Time Management', 'Market Analysis', 'Facebook Marketing']","₹ 1,500 - 15,000 /month"
Marketing Associate,Pawzz,Work from home,"₹ 1,500 - 15,000 /month","Social Media Marketing, MS-Office, Digital Marketing, Market Analysis, Business Analysis, Marketing Strategy, Content Marketing","['Social Media Marketing', 'MS-Office', 'Digital Marketing', 'Market Analysis', 'Business Analysis', 'Marketing Strategy', 'Content Marketing']","₹ 1,500 - 15,000 /month"
Data Science Trainer,Shivshakti Consultancy & Training Institute,Nadaun,"₹ 5,000 - 10,000 /month","Python, SQL, Data Analytics, Machine Learning, Statistics, Data Visualization, Database Management System (DBMS)","['Python', 'SQL', 'Data Analytics', 'Machine Learning', 'Statistics', 'Data Visualization', 'Database Management System (DBMS)']","₹ 5,000 - 10,000 /month"
Business Consultant,Basti Ki Pathshala Foundation,Work from home,"₹ 1,500 - 15,000 lump sum","Business Analysis, Client Relationship, English Proficiency (Written), Business Development, Sales, Marketing Strategies, Marketing Campaigns","['Business Analysis', 'Client Relationship', 'English Proficiency (Written)', 'Business Development', 'Sales', 'Marketing Strategies', 'Marketing Campaigns']","₹ 1,500 - 15,000 lump sum"
Marketing Associate,NayePankh Foundation,Work from home,"₹ 1,500 - 15,000 lump sum","Social Media Marketing, Business Analysis, Advanced Excel, Business Research, Client Relationship, English Proficiency (Spoken), Sales","['Social Media Marketing', 'Business Analysis', 'Advanced Excel', 'Business Research', 'Client Relationship', 'English Proficiency (Spoken)', 'Sales']","₹ 1,500 - 15,000 lump sum"
Derma Care Consultant Trainee (Only Female Graduates),Clarion,"Mangalore, Visakhapatnam, Hyderabad, Bangalore, Mysuru","₹ 5,500 - 13,000 /month","Presentation skills, Analytical Thinking, Problem Solving, Interpersonal skills, Effective Communication, Data Analysis, Report Generation","['Presentation skills', 'Analytical Thinking', 'Problem Solving', 'Interpersonal skills', 'Effective Communication', 'Data Analysis', 'Report Generation']","₹ 5,500 - 13,000 /month"
Prompt Engineering,Aspirant AI,Work from home,"₹ 5,000 - 10,000 /month","Content Writing, Critical thinking, Problem Solving, Natural Language Processing (NLP), Artificial intelligence, Research and Analytics, Effective Communication","['Content Writing', 'Critical thinking', 'Problem Solving', 'Natural Language Processing (NLP)', 'Artificial intelligence', 'Research and Analytics', 'Effective Communication']","₹ 5,000 - 10,000 /month"
Content and Social Media Marketing,Study-hub.co.uk,Work from home,"₹ 2,000 - 3,000 /month","Social Media Marketing, Digital Marketing, Facebook Marketing, Email Marketing, Analytical Thinking, English Proficiency (Written), Instagram Marketing","['Social Media Marketing', 'Digital Marketing', 'Facebook Marketing', 'Email Marketing', 'Analytical Thinking', 'English Proficiency (Written)', 'Instagram Marketing']","₹ 2,000 - 3,000 /month"
Content and Social Media Marketing,Holraj Silver,Dehradun,"₹ 4,000 - 7,000 /month","Social Media Marketing, Creativity, Facebook Marketing, Canva, Instagram Marketing, Data Analysis, Capcut","['Social Media Marketing', 'Creativity', 'Facebook Marketing', 'Canva', 'Instagram Marketing', 'Data Analysis', 'Capcut']","₹ 4,000 - 7,000 /month"
Performance Marketing,Aspirant AI,Work from home,"₹ 5,000 - 10,000 /month","Data Analytics, Google AdWords, Copywriting, Marketing Strategy, Artificial intelligence, Facebook Ads, Marketing Campaigns","['Data Analytics', 'Google AdWords', 'Copywriting', 'Marketing Strategy', 'Artificial intelligence', 'Facebook Ads', 'Marketing Campaigns']","₹ 5,000 - 10,000 /month"
User Acquisition,Aspirant AI,Work from home,"₹ 5,000 - 10,000 /month","Social Media Marketing, Google Analytics, Problem Solving, Copywriting, Artificial intelligence, Data Analysis, Optimization","['Social Media Marketing', 'Google Analytics', 'Problem Solving', 'Copywriting', 'Artificial intelligence', 'Data Analysis', 'Optimization']","₹ 5,000 - 10,000 /month"
Operations Analyst,Renan Partners,Work from home,"₹ 5,000 /month","Operations, MS-Excel, English Proficiency (Spoken), English Proficiency (Written), Effective Communication, Data Analysis","['Operations', 'MS-Excel', 'English Proficiency (Spoken)', 'English Proficiency (Written)', 'Effective Communication', 'Data Analysis']","₹ 5,000 /month"
Sales And Outreach (S&O),She Can Foundation,Work from home,"₹ 1,500 - 15,000 lump sum","Client Interaction, Business Analysis, Business Research, Client Relationship, Market research, Sales, Marketing Strategies","['Client Interaction', 'Business Analysis', 'Business Research', 'Client Relationship', 'Market research', 'Sales', 'Marketing Strategies']","₹ 1,500 - 15,000 lump sum"
Social Sector Marketing (SS),She Can Foundation,Work from home,"₹ 1,500 - 15,000 lump sum","Client Interaction, Client Relationship, Market research, Sales, Marketing Strategies, Marketing Campaigns, Data Analysis","['Client Interaction', 'Client Relationship', 'Market research', 'Sales', 'Marketing Strategies', 'Marketing Campaigns', 'Data Analysis']","₹ 1,500 - 15,000 lump sum"
Crowdsourcing,She Can Foundation,Work from home,"₹ 1,500 - 15,000 lump sum","Market research, Sales, Marketing Strategies, Marketing Campaigns, Data Analysis","['Market research', 'Sales', 'Marketing Strategies', 'Marketing Campaigns', 'Data Analysis']","₹ 1,500 - 15,000 lump sum"
Sales and Outreach,She Can Foundation,Work from home,"₹ 1,500 - 15,000 lump sum","Client Interaction, Business Analysis, Business Research, Client Relationship, Market research, Sales, Marketing Strategies","['Client Interaction', 'Business Analysis', 'Business Research', 'Client Relationship', 'Market research', 'Sales', 'Marketing Strategies']","₹ 1,500 - 15,000 lump sum"
Research Associate,Dr. APJ Abdul Kalam Research Foundation,Work from home,Unpaid,"Content Writing, Presentation skills, Networking, Analytical Thinking, Report Writing, English Proficiency (Spoken), English Proficiency (Written)","['Content Writing', 'Presentation skills', 'Networking', 'Analytical Thinking', 'Report Writing', 'English Proficiency (Spoken)', 'English Proficiency (Written)']",Unpaid
Social Impact,NayePankh Foundation,Work from home,"₹ 1,500 - 10,000 lump sum","Project Management, Digital Marketing, Time Management, Data Analytics, Market Analysis, Business Analysis, Product Management","['Project Management', 'Digital Marketing', 'Time Management', 'Data Analytics', 'Market Analysis', 'Business Analysis', 'Product Management']","₹ 1,500 - 10,000 lump sum"
E-Commerce Marketing,FirstClub Technology Private Limited,Bangalore,"₹ 20,000 - 25,000 /month","MS-Excel, Data Analysis","['MS-Excel', 'Data Analysis']","₹ 20,000 - 25,000 /month"
Supply Chain & Logistics Operations,Oneworld Logistics Private Limited (Abhilaya),Mumbai,"₹ 12,000 - 15,000 /month","Presentation skills, Time Management, MS-Excel, Process Management, Interpersonal skills, Effective Communication, Data Analysis","['Presentation skills', 'Time Management', 'MS-Excel', 'Process Management', 'Interpersonal skills', 'Effective Communication', 'Data Analysis']","₹ 12,000 - 15,000 /month"
Founders Office - Subject Matter Expert (SME),ClariFi,Gurgaon,"₹ 15,000 - 20,000 /month","Finance, Attention to Detail, MS-Excel, Data Interpretation, English Proficiency (Written), Subject Matter Expert (SME), Market research","['Finance', 'Attention to Detail', 'MS-Excel', 'Data Interpretation', 'English Proficiency (Written)', 'Subject Matter Expert (SME)', 'Market research']","₹ 15,000 - 20,000 /month"
Business/Growth Operations,Circle,Bangalore,"₹ 7,000 - 12,000 /month","Sales, Effective Communication, Data Analysis, Python, Linux, Ethical Hacking, Web Application Security, Computer Networks, Golang, Data Analysis, MS-Excel, Adaptability, Effective Communication, Data Analysis, Collaboration, Cold Calling, MS-Excel, Interpersonal skills, Data Analysis, Logical reasoning, Analytical Thinking, Business Development, Sales, Effective Communication, Data Analysis, Social Media Marketing, Market Analysis, MS-Excel, Business Analysis, Advanced Excel, Business Research, English Proficiency (Spoken), Presentation skills, Digital Marketing, Market Analysis, Product Management, Data Analysis, Collaboration, MS-Excel, Problem Solving, Report Writing, Market research, Effective Communication, Data Analysis, Document Management, Presentation skills, Critical thinking, Market research, Effective Communication, Data Analysis, Report Generation, Python, Attention to Detail, MS-Excel, Google Docs, JSON, Auditing, English Proficiency (Spoken), Social Media Marketing, MS-Office, Recruitment, MS-Word, MS-PowerPoint, Digital Marketing, Time Management, Google Docs, Data entry, Research and Analytics, Data Analysis, Data Extraction, Data Cleaning, Google Sheets, Python, SQL, Attention to Detail, Critical thinking, MS-Excel, Problem Solving, Statistics, Presentation skills, Time Management, Critical thinking, Decision making, Problem Solving, Marketing Strategy, Research and Analytics, Critical thinking, Problem Solving, Data Interpretation, Storytelling, Research and Analytics, Effective Communication, Data Analysis, Operations, MS-Excel, English Proficiency (Spoken), English Proficiency (Written), Effective Communication, Data Analysis, Project Management, Data Analysis, Stakeholder Management, MS-Excel, English Proficiency (Spoken), English Proficiency (Written), Data Analysis, Social Media Marketing, MS-Office, Digital Marketing, Time Management, Market Analysis, Business Analysis, Advanced Excel, Client Interaction, Business Analysis, Business Research, Client Relationship, English Proficiency (Spoken), Sales, Marketing Strategies, Social Media Marketing, Digital Marketing, Time Management, Market Analysis, MS-Excel, Business Analysis, Content Marketing, MS-Excel, Research and Analytics, Data Analysis, Social Media Marketing, Time Management, Business Analysis, Advanced Excel, Business Research, Client Relationship, English Proficiency (Spoken), Project Management, Data Analysis, Microsoft 365, MS-Excel, Data Analysis, Operations, Storyboarding, Business Research, Effective Communication, Data Analysis, Technical Analysis, B2B Sales, Sales, Effective Communication, Data Analysis, Digital Marketing, MS-Excel, Interpersonal skills, Effective Communication, Data Analysis, Google Sheets, Analytical Thinking, MS-Excel, MIS, Data Analysis, Report Generation, Analytical Thinking, Financial Modeling, Data Interpretation, Data Analysis, Financial Services, SQL, MS-Excel, Data Analysis, Google Sheets, Time Management, Product Management, Computer Vision, Advanced Excel, Mailchimp Open Commerce, Stock Trading, Effective Communication, Attention to Detail, Literature Review, Interpersonal skills, Research and Analytics, Data Analysis, Medical Terminology, Multitasking, Problem Solving, Effective Communication, Data Analysis, Active Learning, Organizational Development, Social Media Marketing, Negotiation, Google Analytics, Presentation skills, Digital Marketing, Networking, Search Engine Optimization (SEO), Social Media Marketing, English Proficiency (Spoken), English Proficiency (Written), Instagram Marketing, Effective Communication, Data Analysis, Proofreading, English Proficiency (Spoken), English Proficiency (Written), Research and Analytics, Effective Communication, Data Analysis, Presentation skills, Digital Marketing, Time Management, Critical thinking, Problem Solving, Research and Analytics, Data Analysis, MS-Office, MS-Excel, Market research, Data Analysis, Biology, Scientific Writing, Bioinformatics, Research and Analytics, Biostatistics, Data Analysis, Laboratory Techniques","['Sales', 'Effective Communication', 'Data Analysis', 'Python', 'Linux', 'Ethical Hacking', 'Web Application Security', 'Computer Networks', 'Golang', 'MS-Excel', 'Adaptability', 'Collaboration', 'Cold Calling', 'Interpersonal skills', 'Logical reasoning', 'Analytical Thinking', 'Business Development', 'Social Media Marketing', 'Market Analysis', 'Business Analysis', 'Advanced Excel', 'Business Research', 'English Proficiency (Spoken)', 'Presentation skills', 'Digital Marketing', 'Product Management', 'Problem Solving', 'Report Writing', 'Market research', 'Document Management', 'Critical thinking', 'Report Generation', 'Attention to Detail', 'Google Docs', 'JSON', 'Auditing', 'MS-Office', 'Recruitment', 'MS-Word', 'MS-PowerPoint', 'Time Management', 'Data entry', 'Research and Analytics', 'Data Extraction', 'Data Cleaning', 'Google Sheets', 'SQL', 'Statistics', 'Decision making', 'Marketing Strategy', 'Data Interpretation', 'Storytelling', 'Operations', 'English Proficiency (Written)', 'Project Management', 'Stakeholder Management', 'Client Interaction', 'Client Relationship', 'Marketing Strategies', 'Content Marketing', 'Microsoft 365', 'Storyboarding', 'Technical Analysis', 'B2B Sales', 'MIS', 'Financial Modeling', 'Financial Services', 'Computer Vision', 'Mailchimp Open Commerce', 'Stock Trading', 'Literature Review', 'Medical Terminology', 'Multitasking', 'Active Learning', 'Organizational Development', 'Negotiation', 'Google Analytics', 'Networking', 'Search Engine Optimization (SEO)', 'Instagram Marketing', 'Proofreading', 'Biology', 'Scientific Writing', 'Bioinformatics', 'Biostatistics', 'Laboratory Techniques']","₹ 7,000 - 12,000 /month"
Business/Growth Operations,Circle,Bangalore,"₹ 7,000 - 12,000 /month","Sales, Effective Communication, Data Analysis","['Sales', 'Effective Communication', 'Data Analysis']","₹ 7,000 - 12,000 /month"
Cyber Security,COSGrid Systems Private Limited,Chennai,"₹ 15,000 - 20,000 /month","Python, Linux, Ethical Hacking, Web Application Security, Computer Networks, Golang, Data Analysis","['Python', 'Linux', 'Ethical Hacking', 'Web Application Security', 'Computer Networks', 'Golang', 'Data Analysis']","₹ 15,000 - 20,000 /month"
Sales,SingleInterface,Gurgaon,"₹ 10,000 - 15,000 /month","MS-Excel, Adaptability, Effective Communication, Data Analysis, Collaboration","['MS-Excel', 'Adaptability', 'Effective Communication', 'Data Analysis', 'Collaboration']","₹ 10,000 - 15,000 /month"
Sales,Miana Foods,Pune,"₹ 11,000 - 14,000 /month","Cold Calling, MS-Excel, Interpersonal skills, Data Analysis","['Cold Calling', 'MS-Excel', 'Interpersonal skills', 'Data Analysis']","₹ 11,000 - 14,000 /month"
Founders Office,EzySchooling,Delhi,"₹ 8,000 - 10,000 /month","Logical reasoning, Analytical Thinking, Business Development, Sales, Effective Communication, Data Analysis","['Logical reasoning', 'Analytical Thinking', 'Business Development', 'Sales', 'Effective Communication', 'Data Analysis']","₹ 8,000 - 10,000 /month"
Sales Consultant,Pawzz,Work from home,"₹ 1,500 - 15,000 /month","Social Media Marketing, Market Analysis, MS-Excel, Business Analysis, Advanced Excel, Business Research, English Proficiency (Spoken)","['Social Media Marketing', 'Market Analysis', 'MS-Excel', 'Business Analysis', 'Advanced Excel', 'Business Research', 'English Proficiency (Spoken)']","₹ 1,500 - 15,000 /month"
Marketing Innovation,Talent Corner HR Services,"Pune, Balewadi","₹ 5,000 /month","Presentation skills, Digital Marketing, Market Analysis, Product Management, Data Analysis, Collaboration","['Presentation skills', 'Digital Marketing', 'Market Analysis', 'Product Management', 'Data Analysis', 'Collaboration']","₹ 5,000 /month"
Business Environment Analysis,Talent Corner HR Services,"Pune, Balewadi","₹ 5,000 /month","MS-Excel, Problem Solving, Report Writing, Market research, Effective Communication, Data Analysis, Document Management","['MS-Excel', 'Problem Solving', 'Report Writing', 'Market research', 'Effective Communication', 'Data Analysis', 'Document Management']","₹ 5,000 /month"
Regional Marketing Research,Talent Corner HR Services,"Pune, Balewadi","₹ 5,000 /month","Presentation skills, Critical thinking, Market research, Effective Communication, Data Analysis, Report Generation","['Presentation skills', 'Critical thinking', 'Market research', 'Effective Communication', 'Data Analysis', 'Report Generation']","₹ 5,000 /month"
Data Operations,Supervaisor.AI,Work from home,"₹ 8,000 - 15,000 /month","Python, Attention to Detail, MS-Excel, Google Docs, JSON, Auditing, English Proficiency (Spoken)","['Python', 'Attention to Detail', 'MS-Excel', 'Google Docs', 'JSON', 'Auditing', 'English Proficiency (Spoken)']","₹ 8,000 - 15,000 /month"
fundraising,Pawzz,Work from home,"₹ 1,500 - 15,000 lump sum","Social Media Marketing, MS-Office, Recruitment, MS-Word, MS-PowerPoint, Digital Marketing, Time Management","['Social Media Marketing', 'MS-Office', 'Recruitment', 'MS-Word', 'MS-PowerPoint', 'Digital Marketing', 'Time Management']","₹ 1,500 - 15,000 lump sum"
Data Entry,Ranksoldier International Private Limited,Work from home,"₹ 2,000 /month","Google Docs, Data entry, Research and Analytics, Data Analysis, Data Extraction, Data Cleaning, Google Sheets","['Google Docs', 'Data entry', 'Research and Analytics', 'Data Analysis', 'Data Extraction', 'Data Cleaning', 'Google Sheets']","₹ 2,000 /month"
Marketing Analytics,Talent Corner HR Services,"Pune, Balewadi","₹ 5,000 /month","Python, SQL, Attention to Detail, Critical thinking, MS-Excel, Problem Solving, Statistics","['Python', 'SQL', 'Attention to Detail', 'Critical thinking', 'MS-Excel', 'Problem Solving', 'Statistics']","₹ 5,000 /month"
Competitive Intelligence,Talent Corner HR Services,"Pune, Balewadi","₹ 5,000 /month","Presentation skills, Time Management, Critical thinking, Decision making, Problem Solving, Marketing Strategy, Research and Analytics","['Presentation skills', 'Time Management', 'Critical thinking', 'Decision making', 'Problem Solving', 'Marketing Strategy', 'Research and Analytics']","₹ 5,000 /month"
Consumer Insights,Talent Corner HR Services,"Pune, Balewadi","₹ 5,000 /month","Critical thinking, Problem Solving, Data Interpretation, Storytelling, Research and Analytics, Effective Communication, Data Analysis","['Critical thinking', 'Problem Solving', 'Data Interpretation', 'Storytelling', 'Research and Analytics', 'Effective Communication', 'Data Analysis']","₹ 5,000 /month"
Community Management,Renan Partners,Work from home,"₹ 5,000 /month","Operations, MS-Excel, English Proficiency (Spoken), English Proficiency (Written), Effective Communication, Data Analysis","['Operations', 'MS-Excel', 'English Proficiency (Spoken)', 'English Proficiency (Written)', 'Effective Communication', 'Data Analysis']","₹ 5,000 /month"
Green Project,TerraBlu Climate Technologies Private Limited,Pune,"₹ 8,000 - 10,000 /month","Project Management, Data Analysis, Stakeholder Management","['Project Management', 'Data Analysis', 'Stakeholder Management']","₹ 8,000 - 10,000 /month"
Data Entry Operator And Manager,Codecraft IT Solutions,Work from home,"₹ 1,000 - 1,001 /month","MS-Excel, English Proficiency (Spoken), English Proficiency (Written), Data Analysis","['MS-Excel', 'English Proficiency (Spoken)', 'English Proficiency (Written)', 'Data Analysis']","₹ 1,000 - 1,001 /month"
Campus Ambassador,Pawzz,Work from home,Performance Based,"Social Media Marketing, MS-Office, Digital Marketing, Time Management, Market Analysis, Business Analysis, Advanced Excel","['Social Media Marketing', 'MS-Office', 'Digital Marketing', 'Time Management', 'Market Analysis', 'Business Analysis', 'Advanced Excel']",Performance Based
Business Consultant,Pawzz,Work from home,"₹ 1,500 - 15,000 /month","Client Interaction, Business Analysis, Business Research, Client Relationship, English Proficiency (Spoken), Sales, Marketing Strategies","['Client Interaction', 'Business Analysis', 'Business Research', 'Client Relationship', 'English Proficiency (Spoken)', 'Sales', 'Marketing Strategies']","₹ 1,500 - 15,000 /month"
Sales and Outreach,Pawzz,Work from home,"₹ 1,500 - 15,000 /month","Social Media Marketing, Digital Marketing, Time Management, Market Analysis, MS-Excel, Business Analysis, Content Marketing","['Social Media Marketing', 'Digital Marketing', 'Time Management', 'Market Analysis', 'MS-Excel', 'Business Analysis', 'Content Marketing']","₹ 1,500 - 15,000 /month"
Marketing,Pratiti,Pune,"₹ 5,000 /month","MS-Excel, Research and Analytics, Data Analysis","['MS-Excel', 'Research and Analytics', 'Data Analysis']","₹ 5,000 /month"
Social Service,Pawzz,Work from home,"₹ 1,500 - 15,000 /month","Social Media Marketing, Time Management, Business Analysis, Advanced Excel, Business Research, Client Relationship, English Proficiency (Spoken)","['Social Media Marketing', 'Time Management', 'Business Analysis', 'Advanced Excel', 'Business Research', 'Client Relationship', 'English Proficiency (Spoken)']","₹ 1,500 - 15,000 /month"
Project Management - Online Research,Divergent Insights Private Limited,Noida,"₹ 15,000 /month","Project Management, Data Analysis, Microsoft 365","['Project Management', 'Data Analysis', 'Microsoft 365']","₹ 15,000 /month"
Database Building/Management,CyberFrat,Mumbai,"₹ 8,000 - 10,000 /month","MS-Excel, Data Analysis","['MS-Excel', 'Data Analysis']","₹ 8,000 - 10,000 /month"
Founders Office,Mushloop,Salem,"₹ 2,000 /month","Operations, Storyboarding, Business Research, Effective Communication, Data Analysis","['Operations', 'Storyboarding', 'Business Research', 'Effective Communication', 'Data Analysis']","₹ 2,000 /month"
Inside Sales,Jungleworks,"Ambala, Chandigarh, Ludhiana, Rajpura, Mohali, Zirakpur, Dera Bassi, Panchkula, Jammu","₹ 13,000 - 15,000 /month","Technical Analysis, B2B Sales, Sales, Effective Communication, Data Analysis","['Technical Analysis', 'B2B Sales', 'Sales', 'Effective Communication', 'Data Analysis']","₹ 13,000 - 15,000 /month"
Growth Marketing,Tacheon,Chennai,"₹ 8,000 - 12,000 /month","Digital Marketing, MS-Excel, Interpersonal skills, Effective Communication, Data Analysis, Google Sheets","['Digital Marketing', 'MS-Excel', 'Interpersonal skills', 'Effective Communication', 'Data Analysis', 'Google Sheets']","₹ 8,000 - 12,000 /month"
E-commerce Executive,Rbsorting Hat Private Limited,"Chennai, Tambaram Sanatorium","₹ 8,000 - 12,000 /month","Analytical Thinking, MS-Excel, MIS, Data Analysis, Report Generation","['Analytical Thinking', 'MS-Excel', 'MIS', 'Data Analysis', 'Report Generation']","₹ 8,000 - 12,000 /month"
Financial Research,Talent Corner HR Services,Mumbai,"₹ 15,000 lump sum","Analytical Thinking, Financial Modeling, Data Interpretation, Data Analysis, Financial Services","['Analytical Thinking', 'Financial Modeling', 'Data Interpretation', 'Data Analysis', 'Financial Services']","₹ 15,000 lump sum"
MIS/Data Operations,FloBiz,Work from home,"₹ 15,000 - 20,000 /month","SQL, MS-Excel, Data Analysis, Google Sheets","['SQL', 'MS-Excel', 'Data Analysis', 'Google Sheets']","₹ 15,000 - 20,000 /month"
Store Keeper,Dough One Sources Private Limited,"Bikaner, Sonipat, Jaipur, Rajasthan","₹ 5,000 - 15,000 /month","Time Management, Product Management, Computer Vision, Advanced Excel, Mailchimp Open Commerce, Stock Trading, Effective Communication","['Time Management', 'Product Management', 'Computer Vision', 'Advanced Excel', 'Mailchimp Open Commerce', 'Stock Trading', 'Effective Communication']","₹ 5,000 - 15,000 /month"
Clinical Research And Medical Support,Jarurat Care,Work from home,Unpaid,"Attention to Detail, Literature Review, Interpersonal skills, Research and Analytics, Data Analysis, Medical Terminology","['Attention to Detail', 'Literature Review', 'Interpersonal skills', 'Research and Analytics', 'Data Analysis', 'Medical Terminology']",Unpaid
Operations,Talent Corner HR Services,Mumbai,"₹ 15,000 lump sum","Multitasking, Problem Solving, Effective Communication, Data Analysis, Active Learning, Organizational Development","['Multitasking', 'Problem Solving', 'Effective Communication', 'Data Analysis', 'Active Learning', 'Organizational Development']","₹ 15,000 lump sum"
Business Development (Sales),PRP Webs,Jaipur,"₹ 7,000 - 15,000 /month","Social Media Marketing, Negotiation, Google Analytics, Presentation skills, Digital Marketing, Networking, Search Engine Optimization (SEO)","['Social Media Marketing', 'Negotiation', 'Google Analytics', 'Presentation skills', 'Digital Marketing', 'Networking', 'Search Engine Optimization (SEO)']","₹ 7,000 - 15,000 /month"
Social Media Marketing,Human Peritus,Gurgaon,"₹ 15,000 - 20,000 /month","Social Media Marketing, English Proficiency (Spoken), English Proficiency (Written), Instagram Marketing, Effective Communication, Data Analysis","['Social Media Marketing', 'English Proficiency (Spoken)', 'English Proficiency (Written)', 'Instagram Marketing', 'Effective Communication', 'Data Analysis']","₹ 15,000 - 20,000 /month"
Research,Earth5R,Work from home,Unpaid,"Proofreading, English Proficiency (Spoken), English Proficiency (Written), Research and Analytics, Effective Communication, Data Analysis","['Proofreading', 'English Proficiency (Spoken)', 'English Proficiency (Written)', 'Research and Analytics', 'Effective Communication', 'Data Analysis']",Unpaid
Market Research,Fission Infotech,Hyderabad,"₹ 8,000 - 12,000 /month","Presentation skills, Digital Marketing, Time Management, Critical thinking, Problem Solving, Research and Analytics, Data Analysis","['Presentation skills', 'Digital Marketing', 'Time Management', 'Critical thinking', 'Problem Solving', 'Research and Analytics', 'Data Analysis']","₹ 8,000 - 12,000 /month"
Strategy And Marketing,Auluka Brands Private Limited,Delhi,"₹ 5,000 - 15,000 /month","MS-Office, MS-Excel, Market research, Data Analysis","['MS-Office', 'MS-Excel', 'Market research', 'Data Analysis']","₹ 5,000 - 15,000 /month"
Food Biotechnology Research Intern,MEGAFAUNA WELFARE FOUNDATION,Chandigarh,"₹ 4,500 - 7,000 /month","Biology, Scientific Writing, Bioinformatics, Research and Analytics, Biostatistics, Data Analysis, Laboratory Techniques","['Biology', 'Scientific Writing', 'Bioinformatics', 'Research and Analytics', 'Biostatistics', 'Data Analysis', 'Laboratory Techniques']","₹ 4,500 - 7,000 /month"
